,Predicciones,host_response_rate,price,host_acceptance_rate,latitude,longitude,accommodates,bedrooms,beds,minimum_nights,maximum_nights,minimum_minimum_nights,maximum_minimum_nights,minimum_maximum_nights,maximum_maximum_nights,minimum_nights_avg_ntm,maximum_nights_avg_ntm,calendar_updated,availability_30,availability_60,availability_90,availability_365,number_of_reviews,number_of_reviews_ltm,number_of_reviews_l30d,review_scores_rating,review_scores_accuracy,review_scores_cleanliness,review_scores_checkin,review_scores_communication,review_scores_location,review_scores_value,calculated_host_listings_count,calculated_host_listings_count_entire_homes,calculated_host_listings_count_private_rooms,calculated_host_listings_count_shared_rooms,reviews_per_month
14,13.951562110949531,90.0,1006.0,87.0,19.43059,-99.17073,2.0,1.0,1.0,2.0,730,1.0,2.0,1125.0,1125.0,2.0,1125.0,,8,35,65,340,23.0,0.0,0.0,4.83,4.87,4.83,5.0,5.0,4.83,4.78,11.0,7.0,0.0,0.0,0.18
53,13.951562110949531,90.0,1006.0,87.0,19.43078,-99.17011,2.0,1.0,1.0,2.0,730,2.0,2.0,1125.0,1125.0,2.0,1125.0,,0,27,57,332,31.0,0.0,0.0,4.97,4.97,4.94,5.0,5.0,4.97,4.97,11.0,7.0,0.0,0.0,0.25
55,13.951562110949531,90.0,908.0,87.0,19.43068,-99.17007,2.0,1.0,1.0,2.0,730,2.0,2.0,1125.0,1125.0,2.0,1125.0,,18,45,75,350,49.0,9.0,1.0,4.98,4.98,4.92,5.0,5.0,5.0,4.9,11.0,7.0,0.0,0.0,0.46
62,13.951562110949531,90.0,908.0,87.0,19.43052,-99.17003,2.0,1.0,1.0,2.0,730,1.0,2.0,1125.0,1125.0,2.0,1125.0,,24,54,84,356,22.0,3.0,0.0,4.95,5.0,4.95,5.0,5.0,4.95,4.95,11.0,7.0,0.0,0.0,0.25
66,13.515964464350475,100.0,3162.0,86.0,19.41108,-99.17634,3.0,1.0,2.0,1.0,365,1.0,3.0,365.0,365.0,2.7,365.0,,29,40,69,287,7.0,0.0,0.0,4.71,4.71,5.0,5.0,5.0,5.0,4.86,12.0,3.0,2.0,0.0,0.07
142,13.515964464350475,100.0,2808.0,86.0,19.41346,-99.1775,3.0,1.0,1.0,1.0,365,1.0,2.0,365.0,365.0,1.9,365.0,,0,0,0,16,1.0,0.0,0.0,4.0,5.0,5.0,5.0,4.8,5.0,4.0,12.0,3.0,2.0,0.0,0.02
186,17.00074563714292,100.0,2900.0,94.0,19.34735,-99.19016,2.0,1.0,1.0,1.0,90,1.0,1.0,90.0,90.0,1.0,90.0,,30,60,90,365,25.0,2.0,0.0,4.96,5.0,5.0,5.0,4.96,4.92,4.92,7.0,1.0,4.0,0.0,0.22
205,17.00074563714292,100.0,1800.0,94.0,19.34723,-99.19396,2.0,1.0,1.0,1.0,90,1.0,1.0,90.0,90.0,1.0,90.0,,30,60,83,355,44.0,10.0,1.0,4.84,4.79,4.95,4.88,4.91,4.95,4.84,7.0,1.0,4.0,0.0,0.4
214,19.178733870138196,99.0,908.0,99.0,19.42644,-99.161,4.0,2.0,3.0,2.0,1125,2.0,2.0,1125.0,1125.0,2.0,1125.0,,0,0,0,74,4.0,0.0,0.0,4.5,5.0,5.0,4.5,5.0,5.0,4.75,9.7,1.7,2.0,0.0,0.08
533,4.804011532369373,95.0,9602.0,66.0,19.42368,-99.17148,2.5,1.3,1.6,1.0,1125,1.0,1.0,1125.0,1125.0,1.0,1125.0,,30,60,90,365,7.0,0.0,0.0,3.71,3.86,3.86,4.33,3.86,4.9,3.57,19.0,2.0,11.0,2.0,0.08
873,17.00074563714292,98.0,955.0,94.0,19.40033,-99.2,2.0,1.0,1.0,2.0,1125,2.0,2.0,99.0,99.0,2.0,99.0,,22,52,82,357,37.0,1.0,0.0,4.83,4.92,4.92,4.81,4.78,4.97,4.75,25.0,1.7,0.0,0.0,0.44
975,4.804011532369373,95.0,10125.0,66.0,19.42456,-99.17179,2.5,10.0,10.0,1.0,1125,1.0,1.0,1125.0,1125.0,1.0,1125.0,,30,60,90,365,0.0,0.0,0.0,4.83,4.92,4.92,4.81,4.78,4.97,4.75,19.0,2.0,11.0,2.0,0.44
980,4.804011532369373,95.0,8622.0,66.0,19.42543,-99.17176,2.5,20.0,20.0,1.0,1125,1.0,1.0,1125.0,1125.0,1.0,1125.0,,30,60,90,365,2.0,0.0,0.0,5.0,5.0,5.0,5.0,5.0,5.0,5.0,19.0,2.0,11.0,2.0,0.03
1148,19.614331516737245,100.0,2300.0,100.0,19.35187,-99.16605,4.0,1.0,2.0,1.0,1125,1.0,1.0,1.0,1125.0,1.0,368.1,,3,17,43,284,8.0,1.0,0.0,5.0,5.0,5.0,5.0,4.88,5.0,4.88,9.0,0.0,0.0,0.0,0.09
1152,19.614331516737245,100.0,2400.0,100.0,19.35185,-99.16608,5.0,1.0,3.0,1.0,1125,1.0,1.0,1.0,1125.0,1.0,322.5,,7,32,58,304,3.0,0.0,0.0,5.0,5.0,5.0,5.0,5.0,5.0,5.0,9.0,0.0,0.0,0.0,0.04
1154,19.614331516737245,100.0,2400.0,100.0,19.35221,-99.16585,3.0,2.0,2.0,1.0,1125,1.0,1.0,1.0,1125.0,1.0,310.2,,6,24,53,305,1.0,0.0,0.0,5.0,5.0,5.0,5.0,5.0,5.0,5.0,9.0,0.0,0.0,0.0,0.02
1178,18.74313622353914,100.0,4575.0,98.0,19.4282,-99.19292,4.0,2.0,3.0,1.0,1125,1.0,1.0,1125.0,1125.0,1.0,1125.0,,12,31,55,316,42.0,14.0,1.0,4.9,4.88,4.9,4.98,4.88,4.95,4.78,2.0,1.0,0.0,0.0,0.54
1383,19.614331516737245,100.0,454.0,100.0,19.40315,-99.17053,2.0,1.0,1.0,3.0,1125,3.0,3.0,1125.0,1125.0,3.0,1125.0,,20,50,72,332,104.0,22.0,3.0,4.85,4.92,4.91,4.96,4.93,4.95,4.9,4.0,0.0,2.0,0.0,1.9
2046,12.209171524553312,71.0,1999.0,83.0,19.36133,-99.18829,6.0,1.0,5.0,1.0,30,1.0,1.0,1125.0,1125.0,1.0,1125.0,,2,32,62,337,23.0,3.0,0.0,4.35,4.7,4.7,4.83,4.7,4.91,4.61,14.0,1.0,10.0,0.0,0.31
2051,16.565147990543863,91.0,749.0,93.0,19.35765,-99.17713,1.0,1.0,1.0,1.0,1125,1.0,1.0,1125.0,1125.0,1.0,1125.0,,20,50,80,355,28.0,3.0,0.0,4.61,4.64,4.75,4.71,4.71,4.82,4.54,9.0,2.0,6.0,0.0,0.57
2202,4.804011532369373,95.0,10439.0,66.0,19.42632,-99.17102,2.5,1.3,1.6,1.0,1125,1.0,2.0,1125.0,1125.0,1.3,1125.0,,30,60,90,365,0.0,0.0,0.0,4.61,4.64,4.75,4.71,4.71,4.82,4.54,19.0,2.0,11.0,2.0,0.57
2664,4.804011532369373,96.7,1971.1,66.0,19.42723,-99.19667,4.0,2.0,2.0,1.0,115,1.0,1.0,1125.0,1125.0,1.0,1125.0,,30,60,90,360,11.0,0.0,0.0,4.82,4.91,4.91,5.0,5.0,5.0,4.64,2.0,0.0,1.0,0.0,0.17
3196,19.614331516737245,100.0,1500.0,100.0,19.42274,-99.15883,2.0,1.0,1.0,1.0,365,1.0,1.0,365.0,365.0,1.0,365.0,,9,26,56,291,136.0,36.0,3.0,4.85,4.9,4.79,4.82,4.85,4.99,4.83,11.0,7.0,2.0,0.0,2.24
3426,19.614331516737245,100.0,10000.0,100.0,19.39605,-99.17686,4.0,2.0,3.0,1.0,1125,1.0,1.0,1125.0,1125.0,1.0,1125.0,,29,59,89,89,1.0,0.0,0.0,5.0,5.0,5.0,5.0,5.0,5.0,5.0,1.0,0.0,0.0,0.0,0.02
3773,19.614331516737245,100.0,1449.0,100.0,19.42234,-99.16106,2.0,1.0,1.0,1.0,365,1.0,1.0,365.0,365.0,1.0,365.0,,10,35,65,300,89.0,12.0,0.0,4.69,4.59,4.76,4.82,4.72,4.94,4.72,11.0,7.0,2.0,0.0,1.46
3823,19.614331516737245,100.0,1990.0,100.0,19.42565,-99.1697,2.0,1.0,1.0,1.0,1125,1.0,1.0,1125.0,1125.0,1.0,1125.0,,30,60,90,365,9.0,0.0,0.0,4.0,4.11,4.89,4.44,4.56,4.89,4.22,10.0,4.0,0.0,0.0,0.15
3825,19.614331516737245,100.0,1990.0,100.0,19.42658,-99.17046,2.0,1.0,1.0,1.0,1125,1.0,1.0,1125.0,1125.0,1.0,1125.0,,30,60,90,365,13.0,0.0,0.0,4.92,4.77,5.0,4.85,5.0,5.0,4.77,10.0,4.0,0.0,0.0,0.21
3834,19.614331516737245,100.0,1990.0,100.0,19.42599,-99.17044,2.0,1.0,1.0,1.0,1125,1.0,1.0,1125.0,1125.0,1.0,1125.0,,30,60,90,365,12.0,1.0,0.0,4.25,4.42,4.58,4.25,4.33,4.58,4.42,10.0,4.0,0.0,0.0,0.2
3836,19.614331516737245,100.0,1990.0,100.0,19.42669,-99.16958,2.0,1.0,1.0,1.0,1125,1.0,1.0,1125.0,1125.0,1.0,1125.0,,30,60,90,365,16.0,0.0,0.0,4.63,4.5,4.69,4.75,4.94,4.88,4.44,10.0,4.0,0.0,0.0,0.26
4048,19.614331516737245,100.0,1990.0,100.0,19.42498,-99.16867,2.0,1.0,1.0,1.0,1125,1.0,1.0,1125.0,1125.0,1.0,1125.0,,30,60,90,365,14.0,1.0,0.0,4.14,3.86,4.79,4.57,4.71,5.0,3.71,10.0,4.0,0.0,0.0,0.23
4180,18.307538576940082,100.0,2100.0,97.0,19.42444,-99.16786,2.0,1.0,1.0,1.0,360,1.0,1.0,1125.0,1125.0,1.0,1125.0,,28,58,88,303,1.0,1.0,0.0,3.0,5.0,5.0,5.0,4.8,5.0,4.0,5.0,3.0,1.0,0.0,0.18
4340,19.614331516737245,100.0,750.0,100.0,19.33819,-99.17682,2.0,1.0,1.0,1.0,1125,1.0,1.0,1125.0,1125.0,1.0,1125.0,,0,0,0,0,13.0,0.0,0.0,4.62,4.62,4.69,4.69,4.62,4.85,4.62,5.0,1.0,2.0,0.0,0.24
4376,19.614331516737245,100.0,871.0,100.0,19.41718,-99.17406,2.0,1.0,1.0,1.0,1125,1.0,1.0,1125.0,1125.0,1.0,1125.0,,15,42,72,72,16.4,2.9,3.0,4.79,4.86,4.81,4.88,4.84,4.95,4.82,3.0,0.0,0.0,0.0,0.4
4439,19.614331516737245,100.0,762.0,100.0,19.416353,-99.175163,2.0,1.0,1.0,1.0,1125,1.0,1.0,1125.0,1125.0,1.0,1125.0,,14,44,74,74,16.4,2.9,0.2,4.79,4.94,4.9,4.98,4.87,4.97,4.79,3.0,0.0,0.0,0.0,0.4
4510,19.614331516737245,100.0,1000.0,100.0,19.33937,-99.17681,4.0,1.0,2.0,1.0,1125,1.0,1.0,1125.0,1125.0,1.0,1125.0,,0,0,0,59,44.0,4.0,0.0,4.77,4.73,4.8,4.91,4.84,4.89,4.64,5.0,1.0,2.0,0.0,0.8
4659,18.74313622353914,100.0,783.0,98.0,19.40101,-99.2,2.0,1.0,1.0,1.0,1125,1.0,1.0,1125.0,1125.0,1.0,1125.0,,26,56,86,356,44.0,21.0,2.0,4.93,4.91,4.84,4.93,4.91,4.95,4.77,2.0,0.0,1.0,0.0,0.79
4749,12.209171524553312,71.0,1999.0,83.0,19.36071,-99.18928,6.0,1.0,5.0,1.0,1125,1.0,1.0,1125.0,1125.0,1.0,1125.0,,2,32,62,337,4.0,0.0,0.0,3.5,3.75,4.8,4.8,4.8,4.9,3.5,14.0,1.0,10.0,0.0,0.08
4913,19.614331516737245,100.0,1900.0,100.0,19.39599,-99.17262,2.0,1.0,1.0,1.0,50,1.0,1.0,50.0,50.0,1.0,50.0,,29,59,89,364,0.0,0.0,0.0,3.5,3.75,4.8,4.8,4.8,4.9,3.5,20.0,0.0,1.7,0.0,0.08
4915,19.614331516737245,100.0,1900.0,100.0,19.39599,-99.17262,2.0,1.0,1.0,1.0,40,1.0,1.0,40.0,40.0,1.0,40.0,,30,60,90,365,0.0,0.0,0.0,3.5,3.75,4.8,4.8,4.8,4.9,3.5,20.0,0.0,1.7,0.0,0.08
5041,11.773573877954256,98.0,1168.0,82.0,19.43646,-99.13123,4.0,1.0,1.0,1.0,1125,1.0,1.0,1125.0,1125.0,1.0,1125.0,,0,0,0,100,10.0,0.0,0.0,4.6,4.7,5.0,4.8,5.0,5.0,4.8,9.7,1.7,0.0,0.0,0.19
5049,11.773573877954256,98.0,3797.0,82.0,19.43646,-99.13123,8.0,2.0,2.0,1.0,1125,1.0,4.0,1125.0,1125.0,3.8,1125.0,,4,33,63,329,10.0,0.0,0.0,4.5,4.8,4.8,4.8,4.6,4.5,4.6,9.7,1.7,0.0,0.0,0.19
5185,19.614331516737245,99.0,1488.0,100.0,19.41092,-99.16882,2.0,1.0,1.0,2.0,1125,2.0,2.0,1125.0,1125.0,2.0,1125.0,,2,10,12,51,141.0,2.9,3.0,4.94,4.95,4.98,4.84,4.91,5.0,4.9,21.0,19.0,1.0,0.0,2.62
5471,19.614331516737245,100.0,410.0,100.0,19.40307,-99.1705,2.0,1.0,1.0,3.0,1125,3.0,3.0,1125.0,1125.0,3.0,1125.0,,19,45,74,303,16.4,33.0,3.0,4.78,4.94,4.88,4.94,4.89,4.93,4.84,4.0,0.0,2.0,0.0,0.4
5597,12.209171524553312,100.0,450.0,83.0,19.42512,-99.22236,1.0,1.0,1.0,1.0,360,1.0,1.0,360.0,360.0,1.0,360.0,,21,51,81,356,36.0,11.0,0.0,4.64,4.72,4.56,4.86,4.56,5.0,4.69,7.0,0.0,6.0,0.0,0.96
5653,19.614331516737245,100.0,914.0,100.0,19.45618,-99.17889,6.0,1.0,1.0,1.0,30,1.0,1.0,30.0,30.0,1.0,30.0,,22,51,81,295,5.0,1.0,0.0,3.8,4.0,4.6,4.2,4.2,4.4,3.4,12.0,0.0,0.0,0.0,0.1
5660,19.614331516737245,100.0,650.0,100.0,19.45618,-99.17889,4.0,1.0,2.0,1.0,30,1.0,1.0,30.0,30.0,1.0,30.0,,12,42,72,287,1.0,0.0,0.0,5.0,5.0,4.0,5.0,5.0,5.0,5.0,12.0,0.0,0.0,0.0,0.07
5679,19.614331516737245,100.0,914.0,100.0,19.45618,-99.17889,4.0,1.0,2.0,1.0,30,1.0,1.0,30.0,30.0,1.0,30.0,,24,53,83,266,8.0,1.0,0.0,4.25,4.38,4.38,4.13,4.25,4.25,4.38,12.0,0.0,0.0,0.0,0.16
5681,19.614331516737245,100.0,1200.0,100.0,19.45618,-99.17889,4.0,1.0,2.0,1.0,30,1.0,1.0,30.0,30.0,1.0,30.0,,20,49,79,293,6.0,0.0,0.0,3.83,4.0,4.67,4.5,4.17,4.17,4.17,12.0,0.0,0.0,0.0,0.12
5682,19.614331516737245,100.0,686.0,100.0,19.45618,-99.17889,4.0,1.0,1.0,1.0,30,1.0,1.0,30.0,30.0,1.0,30.0,,21,51,81,296,7.0,1.0,1.0,4.57,4.71,4.43,5.0,5.0,4.86,4.71,12.0,0.0,0.0,0.0,0.15
5683,19.614331516737245,100.0,893.0,100.0,19.45702,-99.17842,3.0,1.0,1.0,1.0,30,1.0,1.0,30.0,30.0,1.0,30.0,,24,53,83,266,4.0,2.0,0.0,4.0,3.75,4.0,4.0,4.0,4.9,4.0,12.0,0.0,0.0,0.0,0.1
5684,19.614331516737245,100.0,650.0,100.0,19.45618,-99.17889,2.0,1.0,1.0,1.0,30,1.0,1.0,30.0,30.0,1.0,30.0,,0,0,0,141,3.0,0.0,0.0,3.33,4.8,4.8,4.8,3.33,4.9,4.7,12.0,0.0,0.0,0.0,0.18
5688,19.614331516737245,100.0,893.0,100.0,19.45618,-99.17889,2.0,1.0,1.0,1.0,30,1.0,1.0,30.0,30.0,1.0,30.0,,25,55,85,269,10.0,2.0,0.0,4.5,4.6,4.7,4.4,4.6,4.4,4.3,12.0,0.0,0.0,0.0,0.58
5689,19.614331516737245,100.0,893.0,100.0,19.45618,-99.17889,3.0,1.0,1.0,1.0,30,1.0,1.0,30.0,30.0,1.0,30.0,,28,58,88,271,1.0,0.0,0.0,4.0,5.0,5.0,5.0,5.0,5.0,4.7,12.0,0.0,0.0,0.0,0.02
5690,19.614331516737245,100.0,590.0,100.0,19.45618,-99.17889,2.0,1.0,1.0,1.0,30,1.0,1.0,30.0,30.0,1.0,30.0,,0,0,0,0,2.0,0.0,0.0,4.0,4.0,5.0,4.0,4.8,4.0,4.5,12.0,0.0,0.0,0.0,0.05
5692,19.614331516737245,100.0,836.0,100.0,19.45618,-99.17889,4.0,1.0,2.0,1.0,30,1.0,1.0,30.0,30.0,1.0,30.0,,26,55,85,299,3.0,3.0,0.0,5.0,5.0,5.0,5.0,5.0,5.0,4.67,12.0,0.0,0.0,0.0,0.26
5694,19.614331516737245,100.0,893.0,100.0,19.45618,-99.17889,2.0,1.0,1.0,1.0,30,1.0,1.0,30.0,30.0,1.0,30.0,,27,57,87,271,15.0,2.0,0.0,4.6,4.8,4.33,4.93,4.73,4.8,4.47,12.0,0.0,0.0,0.0,0.3
5803,19.614331516737245,100.0,1104.0,100.0,19.41741,-99.1749,4.0,2.0,2.0,1.0,1125,1.0,1.0,1125.0,1125.0,1.0,1125.0,,20,50,80,170,16.4,2.9,0.2,4.79,4.91,4.91,4.97,4.77,4.97,4.85,3.0,0.0,0.0,0.0,0.4
5813,19.614331516737245,100.0,1994.0,100.0,19.42429,-99.17142,2.0,2.0,1.0,1.0,1125,1.0,1.0,1125.0,1125.0,1.0,1125.0,,30,60,90,334,3.0,0.0,0.0,4.67,4.67,5.0,5.0,5.0,5.0,4.67,10.0,4.0,0.0,0.0,0.09
5818,8.724390351760867,100.0,1190.0,75.0,19.36973,-99.18815,2.0,1.0,1.0,1.0,152,1.0,1.0,152.0,152.0,1.0,152.0,,27,57,87,362,1.0,0.0,0.0,5.0,5.0,5.0,5.0,5.0,5.0,5.0,5.0,0.0,0.0,0.0,0.02
5873,19.614331516737245,100.0,2818.0,100.0,19.43333,-99.13457,2.0,1.0,1.0,1.0,370,1.0,1.0,370.0,370.0,1.0,370.0,,13,31,61,317,7.0,0.0,0.0,5.0,5.0,5.0,5.0,5.0,5.0,5.0,7.0,1.0,0.0,0.0,0.22
5894,19.614331516737245,100.0,2729.0,100.0,19.34856,-99.16461,4.0,1.0,2.0,1.0,365,1.0,1.0,365.0,365.0,1.0,365.0,,13,27,57,279,25.0,6.0,1.0,5.0,5.0,5.0,5.0,5.0,4.96,5.0,7.0,0.0,5.0,0.0,0.51
6039,19.614331516737245,100.0,332.0,100.0,19.44028,-99.14596,1.0,1.0,1.0,1.0,1125,1.0,1.0,1125.0,1125.0,1.0,1125.0,,30,60,90,94,7.0,1.0,0.0,4.43,4.71,4.29,4.86,4.86,4.57,4.43,21.0,4.0,2.0,0.1,0.14
6041,19.614331516737245,100.0,305.0,100.0,19.44114,-99.14458,1.0,1.0,1.0,1.0,1125,1.0,1.0,1125.0,1125.0,1.0,1125.0,,30,60,90,94,67.0,3.0,0.0,4.63,4.88,4.34,4.94,4.9,4.84,4.73,21.0,4.0,2.0,0.1,1.37
6118,19.614331516737245,100.0,230.0,100.0,19.33961,-99.14962,2.0,1.0,1.0,2.0,1125,2.0,2.0,1125.0,1125.0,2.0,1125.0,,30,60,90,365,35.0,22.0,0.2,4.54,4.57,4.09,4.77,4.71,4.89,4.71,1.0,0.0,0.0,0.0,0.81
6136,19.614331516737245,100.0,291.0,100.0,19.43965,-99.14448,1.0,1.0,1.0,1.0,1125,1.0,1.0,1125.0,1125.0,1.0,1125.0,,30,56,86,89,22.0,5.0,0.0,4.5,4.77,4.23,4.91,4.59,4.68,4.59,21.0,4.0,2.0,0.1,0.45
6137,19.614331516737245,100.0,291.0,100.0,19.44077,-99.14593,1.0,1.0,1.0,1.0,1125,1.0,1.0,1125.0,1125.0,1.0,1125.0,,30,60,90,94,69.0,9.0,0.0,4.58,4.68,4.36,4.74,4.61,4.75,4.62,21.0,4.0,2.0,0.1,1.4
6138,19.614331516737245,100.0,291.0,100.0,19.44062,-99.14394,1.0,1.0,1.0,1.0,1125,1.0,1.0,1125.0,1125.0,1.0,1125.0,,30,60,90,94,63.0,16.0,3.0,4.62,4.75,4.44,4.86,4.62,4.68,4.68,21.0,4.0,2.0,0.1,1.28
6141,19.614331516737245,100.0,332.0,100.0,19.4395,-99.14378,1.0,1.0,1.0,1.0,1125,1.0,1.0,1125.0,1125.0,1.0,1125.0,,29,59,89,92,46.0,18.0,0.0,4.83,4.91,4.67,4.91,4.91,4.85,4.87,21.0,4.0,2.0,0.1,0.94
6142,8.724390351760867,100.0,890.0,75.0,19.37109,-99.18977,2.0,1.0,1.0,1.0,600,1.0,1.0,600.0,600.0,1.0,600.0,,0,0,0,271,2.0,1.0,0.0,5.0,5.0,5.0,5.0,5.0,5.0,5.0,5.0,0.0,0.0,0.0,0.05
6151,19.614331516737245,100.0,352.0,100.0,19.44056,-99.14384,1.0,1.0,1.0,1.0,1125,1.0,1.0,1125.0,1125.0,1.0,1125.0,,24,54,84,88,100.0,2.9,0.0,4.62,4.65,4.43,4.82,4.78,4.8,4.66,21.0,4.0,2.0,0.1,2.07
6188,19.614331516737245,100.0,1200.0,100.0,19.43606,-99.19521,4.0,2.0,2.0,3.0,1125,3.0,3.0,1125.0,1125.0,3.0,1125.0,,0,0,0,0,0.0,0.0,0.0,4.62,4.65,4.43,4.82,4.78,4.8,4.66,14.0,13.0,0.0,0.0,2.07
6270,8.724390351760867,100.0,880.0,75.0,19.37099,-99.18776,2.0,1.0,1.0,1.0,600,1.0,1.0,600.0,600.0,1.0,600.0,,0,0,0,240,1.0,0.0,0.0,5.0,5.0,5.0,5.0,5.0,5.0,5.0,5.0,0.0,0.0,0.0,0.02
6271,8.724390351760867,100.0,790.0,75.0,19.37123,-99.18814,2.0,1.0,1.0,1.0,700,1.0,1.0,700.0,700.0,1.0,700.0,,29,59,89,364,5.0,1.0,1.0,5.0,5.0,5.0,5.0,4.8,5.0,5.0,5.0,0.0,0.0,0.0,0.11
6274,19.614331516737245,100.0,7262.0,100.0,19.41425,-99.16339,2.0,1.0,1.0,1.1,29,1.1,1.2,1125.0,1125.0,1.2,1125.0,,16,38,62,333,0.0,0.0,0.0,5.0,5.0,5.0,5.0,4.8,5.0,5.0,6.0,1.0,4.0,0.0,0.11
6343,19.178733870138196,100.0,950.0,99.0,19.41337,-99.18208,2.0,1.0,1.0,2.0,1125,2.0,2.0,1125.0,1125.0,2.0,1125.0,,27,57,87,362,14.0,7.0,0.0,4.86,4.57,4.64,5.0,4.71,4.64,4.64,7.0,0.0,6.0,0.0,0.31
6455,19.614331516737245,100.0,2634.0,100.0,19.42951,-99.13864,2.0,1.0,1.0,1.0,1125,1.0,1.0,1125.0,1125.0,1.0,1125.0,,11,23,48,295,1.0,0.0,0.0,4.7,4.57,4.64,5.0,4.71,4.64,4.64,4.0,0.0,3.0,0.0,0.02
6473,12.209171524553312,71.0,1099.0,83.0,19.36207,-99.18787,2.0,1.0,1.0,1.0,1125,1.0,1.0,1125.0,1125.0,1.0,1125.0,,0,0,27,302,0.0,0.0,0.0,4.7,4.57,4.64,5.0,4.71,4.64,4.64,14.0,1.0,10.0,0.0,0.02
6530,15.258355050746694,100.0,945.0,90.0,19.38659,-99.17647,2.0,1.0,1.0,1.0,7,1.0,1.0,7.0,7.0,1.0,7.0,,23,46,76,166,6.0,3.0,0.0,5.0,4.83,4.83,5.0,4.83,4.83,4.5,3.0,0.0,1.0,0.0,0.15
6555,19.614331516737245,100.0,4313.0,100.0,19.42941,-99.17155,2.0,1.0,1.0,1.0,1125,1.0,1.0,30.0,30.0,1.0,30.0,,9,21,48,308,20.0,0.0,0.0,5.0,5.0,5.0,5.0,5.0,5.0,4.95,8.0,0.0,2.0,0.0,0.43
6557,19.614331516737245,100.0,4313.0,100.0,19.42931,-99.17144,2.0,1.0,1.0,1.0,1125,1.0,1.0,30.0,30.0,1.0,30.0,,9,24,39,294,19.0,0.0,0.0,5.0,5.0,4.95,4.89,4.84,5.0,5.0,8.0,0.0,2.0,0.0,0.41
6558,19.614331516737245,100.0,5233.0,100.0,19.43157,-99.17092,2.0,1.0,1.0,1.0,1125,1.0,1.0,30.0,30.0,1.0,30.0,,10,25,49,314,40.0,0.0,0.0,5.0,5.0,4.93,4.98,4.93,4.98,4.98,8.0,0.0,2.0,0.0,0.86
6559,19.614331516737245,100.0,4313.0,100.0,19.43136,-99.17074,2.0,1.0,1.0,1.0,1125,1.0,1.0,30.0,30.0,1.0,30.0,,11,21,38,242,2.0,0.0,0.0,5.0,5.0,5.0,5.0,5.0,5.0,4.5,8.0,0.0,2.0,0.0,0.04
6560,19.614331516737245,100.0,3195.0,100.0,19.4301,-99.17124,2.0,1.0,1.0,1.0,1125,1.0,1.0,30.0,30.0,1.0,30.0,,4,14,33,271,30.0,1.0,0.0,4.9,4.97,4.9,4.93,4.97,5.0,4.93,8.0,0.0,2.0,0.0,0.64
6561,16.390908931904235,100.0,350.0,92.6,19.35653,-99.13197,1.0,1.0,1.0,2.0,2,2.0,2.0,2.0,2.0,2.0,2.0,,30,60,90,90,0.0,0.0,0.0,4.9,4.97,4.9,4.93,4.97,5.0,4.93,1.0,0.0,0.0,0.0,0.64
6565,19.614331516737245,100.0,3495.0,100.0,19.43155,-99.16943,2.0,1.0,1.0,1.0,1125,1.0,1.0,30.0,30.0,1.0,30.0,,6,20,39,270,40.0,0.0,0.0,4.9,4.93,5.0,4.93,4.95,5.0,4.88,8.0,0.0,2.0,0.0,0.86
6570,19.614331516737245,100.0,2400.0,100.0,19.35265,-99.16295,5.0,1.0,3.0,1.0,1125,1.0,1.0,1.0,1125.0,1.0,415.8,,8,23,39,272,4.0,0.0,0.0,4.75,5.0,4.5,4.5,5.0,5.0,4.75,9.0,0.0,0.0,0.0,0.09
6571,19.614331516737245,100.0,2200.0,100.0,19.35246,-99.16497,2.0,1.0,1.0,1.0,1125,1.0,1.0,1.0,1125.0,1.0,294.9,,13,43,71,312,0.0,0.0,0.0,4.75,5.0,4.5,4.5,5.0,5.0,4.75,9.0,0.0,0.0,0.0,0.09
6573,19.614331516737245,100.0,2200.0,100.0,19.35209,-99.16489,2.0,1.0,1.0,1.0,1125,1.0,1.0,1.0,1125.0,1.0,332.4,,10,34,63,294,0.0,0.0,0.0,4.75,5.0,4.5,4.5,5.0,5.0,4.75,9.0,0.0,0.0,0.0,0.09
6574,19.614331516737245,100.0,2200.0,100.0,19.35101,-99.1656,2.0,1.0,1.0,1.0,1125,1.0,1.0,1.0,1125.0,1.0,513.5,,13,33,53,234,0.0,0.0,0.0,4.75,5.0,4.5,4.5,5.0,5.0,4.75,9.0,0.0,0.0,0.0,0.09
6580,19.614331516737245,100.0,2200.0,100.0,19.35354,-99.16562,2.0,1.0,1.0,1.0,1125,1.0,1.0,1.0,1125.0,1.0,225.3,,15,45,75,330,0.0,0.0,0.0,4.75,5.0,4.5,4.5,5.0,5.0,4.75,9.0,0.0,0.0,0.0,0.09
6581,19.614331516737245,100.0,2300.0,100.0,19.35372,-99.16636,5.0,1.0,2.0,1.0,1125,1.0,1.0,1.0,1125.0,1.0,304.3,,9,36,66,303,0.0,0.0,0.0,4.75,5.0,4.5,4.5,5.0,5.0,4.75,9.0,0.0,0.0,0.0,0.09
6597,8.724390351760867,100.0,990.0,75.0,19.36996,-99.18777,2.0,1.0,1.0,1.0,600,1.0,1.0,600.0,600.0,1.0,600.0,,0,0,0,271,0.0,0.0,0.0,4.75,5.0,4.5,4.5,5.0,5.0,4.75,5.0,0.0,0.0,0.0,0.09
6606,17.00074563714292,100.0,1914.0,94.0,19.43047,-99.13786,2.0,1.0,1.0,1.0,1125,1.0,1.0,1125.0,1125.0,1.0,1125.0,,23,53,83,260,20.0,4.0,0.0,4.7,4.7,4.85,4.85,4.75,5.0,4.7,1.0,0.0,0.0,0.0,0.43
6617,15.258355050746694,100.0,881.0,90.0,19.38649,-99.1749,1.0,1.0,1.0,1.0,7,1.0,1.0,7.0,7.0,1.0,7.0,,30,60,90,180,4.0,1.0,0.0,4.25,4.25,4.5,4.75,4.5,4.5,4.25,3.0,0.0,1.0,0.0,0.09
6658,19.614331516737245,100.0,332.0,100.0,19.44368,-99.14494,1.0,1.0,1.0,1.0,500,1.0,1.0,1125.0,1125.0,1.0,1125.0,,30,60,90,94,3.0,1.0,0.0,4.0,4.0,4.67,5.0,5.0,5.0,4.0,21.0,4.0,2.0,0.1,0.07
6661,13.515964464350475,100.0,2206.0,86.0,19.41081,-99.1781,3.0,1.0,1.0,1.0,365,1.0,2.0,365.0,365.0,1.1,365.0,,23,43,69,276,1.0,1.0,0.0,5.0,5.0,5.0,5.0,5.0,5.0,5.0,12.0,3.0,2.0,0.0,0.23
6669,13.515964464350475,100.0,2382.0,86.0,19.40958,-99.17637,3.0,1.0,1.0,1.0,365,1.0,2.0,365.0,365.0,1.1,365.0,,19,39,64,273,0.0,0.0,0.0,5.0,5.0,5.0,5.0,5.0,5.0,5.0,12.0,3.0,2.0,0.0,0.23
6672,13.515964464350475,100.0,2382.0,86.0,19.41162,-99.17829,2.0,1.0,1.0,1.0,365,1.0,2.0,365.0,365.0,1.1,365.0,,14,41,71,280,1.0,0.0,0.0,5.0,5.0,5.0,5.0,5.0,5.0,5.0,12.0,3.0,2.0,0.0,0.03
6673,13.515964464350475,100.0,2382.0,86.0,19.41083,-99.1783,4.0,1.0,1.0,1.0,365,1.0,2.0,365.0,365.0,1.1,365.0,,29,51,72,290,1.0,0.0,0.0,5.0,5.0,5.0,5.0,5.0,5.0,5.0,12.0,3.0,2.0,0.0,0.02
6709,19.614331516737245,100.0,388.0,100.0,19.44331,-99.14511,1.0,1.0,1.0,1.0,1125,1.0,1.0,1125.0,1125.0,1.0,1125.0,,30,60,90,94,10.0,2.0,0.0,4.9,5.0,4.6,5.0,5.0,4.9,4.9,21.0,4.0,2.0,0.1,0.22
6720,19.614331516737245,100.0,332.0,100.0,19.44258,-99.1431,1.0,1.0,1.0,1.0,1125,1.0,1.0,1125.0,1125.0,1.0,1125.0,,30,60,90,94,2.0,0.0,0.0,5.0,5.0,5.0,5.0,5.0,5.0,5.0,21.0,4.0,2.0,0.1,0.04
6752,13.515964464350475,100.0,2882.0,86.0,19.41008,-99.17827,3.0,1.0,1.0,1.0,365,1.0,2.0,365.0,365.0,1.9,365.0,,29,59,89,307,0.0,0.0,0.0,5.0,5.0,5.0,5.0,5.0,5.0,5.0,12.0,3.0,2.0,0.0,0.04
6840,19.614331516737245,100.0,900.0,100.0,19.43223,-99.14266,3.0,1.0,1.0,1.0,30,1.0,1.0,1125.0,1125.0,1.0,1125.0,,0,30,60,240,2.0,0.0,0.0,5.0,5.0,5.0,5.0,4.0,5.0,5.0,1.0,0.0,0.0,0.0,0.04
6863,-3.9079413996117296,60.0,1255.0,46.0,19.40751,-99.17531,2.0,1.0,1.0,1.0,365,1.0,1.0,365.0,365.0,1.0,365.0,,19,48,78,351,0.0,0.0,0.0,5.0,5.0,5.0,5.0,4.0,5.0,5.0,10.0,3.0,3.0,0.0,0.04
6864,-3.9079413996117296,60.0,1352.0,46.0,19.40754,-99.17561,3.0,1.0,2.0,1.0,365,1.0,1.0,365.0,365.0,1.0,365.0,,19,49,79,354,0.0,0.0,0.0,5.0,5.0,5.0,5.0,4.0,5.0,5.0,10.0,3.0,3.0,0.0,0.04
6869,19.614331516737245,100.0,2492.0,100.0,19.43333,-99.13457,2.0,1.0,1.0,1.0,370,1.0,1.0,370.0,370.0,1.0,370.0,,0,4,4,4,0.0,0.0,0.0,5.0,5.0,5.0,5.0,4.0,5.0,5.0,7.0,1.0,0.0,0.0,0.04
6870,19.614331516737245,100.0,2957.0,100.0,19.43333,-99.13457,2.0,1.0,1.0,1.0,370,1.0,1.0,370.0,370.0,1.0,370.0,,22,48,74,319,1.0,1.0,0.0,5.0,5.0,5.0,5.0,5.0,5.0,5.0,7.0,1.0,0.0,0.0,0.11
6882,19.614331516737245,100.0,2957.0,100.0,19.43333,-99.13457,2.0,1.0,1.0,1.0,370,1.0,1.0,370.0,370.0,1.0,370.0,,13,39,69,323,1.0,1.0,0.0,5.0,5.0,5.0,5.0,5.0,5.0,5.0,7.0,1.0,0.0,0.0,0.2
6891,18.74313622353914,94.0,375.0,98.0,19.40391,-99.16062,1.0,1.0,1.0,1.0,1125,1.0,1.0,1125.0,1125.0,1.0,1125.0,,30,60,90,365,57.0,10.0,0.0,4.79,4.86,4.65,4.95,4.91,4.89,4.77,6.0,0.0,4.0,0.0,1.24
6917,19.614331516737245,100.0,2492.0,100.0,19.43333,-99.13457,2.0,1.0,1.0,1.0,370,1.0,1.0,370.0,370.0,1.0,370.0,,28,48,78,337,1.0,0.0,0.0,5.0,5.0,5.0,5.0,5.0,5.0,5.0,7.0,1.0,0.0,0.0,0.02
6918,19.614331516737245,100.0,2492.0,100.0,19.43333,-99.13457,2.0,1.0,1.0,1.0,370,1.0,1.0,370.0,370.0,1.0,370.0,,18,47,77,329,1.0,1.0,0.0,5.0,5.0,5.0,5.0,5.0,5.0,5.0,7.0,1.0,0.0,0.0,0.1
6928,-3.9079413996117296,60.0,1456.0,46.0,19.40899,-99.17353,3.0,1.0,2.0,1.0,365,1.0,1.0,365.0,365.0,1.0,365.0,,19,49,79,346,1.0,0.0,0.0,5.0,5.0,5.0,5.0,5.0,5.0,5.0,10.0,3.0,3.0,0.0,0.02
6943,-3.9079413996117296,60.0,1300.0,46.0,19.40749,-99.17561,2.0,1.0,1.0,1.0,365,1.0,1.0,365.0,365.0,1.0,365.0,,19,49,79,354,1.0,0.0,0.0,4.0,5.0,5.0,5.0,5.0,5.0,5.0,10.0,3.0,3.0,0.0,0.02
6953,16.390908931904235,60.0,768.0,92.6,19.38343,-99.19814,4.0,1.0,2.0,2.0,1125,2.0,2.0,1125.0,1125.0,2.0,1125.0,,0,12,42,132,1.0,0.0,0.0,5.0,5.0,5.0,4.0,5.0,5.0,5.0,1.0,0.0,0.0,0.0,0.02
7085,16.390908931904235,60.0,1745.0,92.6,19.41493,-99.16685,2.0,1.0,1.0,1.0,10,1.0,1.0,10.0,10.0,1.0,10.0,,29,59,89,89,0.0,0.0,0.0,5.0,5.0,5.0,4.0,5.0,5.0,5.0,1.0,0.0,0.0,0.0,0.02
7312,18.74313622353914,94.0,375.0,98.0,19.40293,-99.1606,1.0,1.0,1.0,1.0,1125,1.0,1.0,1125.0,1125.0,1.0,1125.0,,30,60,90,365,73.0,18.0,2.0,4.59,4.66,4.52,4.7,4.77,4.73,4.53,6.0,0.0,4.0,0.0,1.67
7372,9.59558564495898,100.0,8024.0,77.0,19.3459,-99.16171,2.0,1.0,1.0,1.0,101,1.0,1.0,101.0,101.0,1.0,101.0,,21,50,79,345,42.0,5.0,0.0,4.74,4.64,4.38,4.88,4.83,4.95,4.62,6.0,0.0,5.0,0.0,0.98
7507,12.209171524553312,100.0,776.0,83.0,19.34631,-99.2,3.0,1.0,2.0,1.0,365,1.0,1.0,365.0,1125.0,1.0,616.0,,0,0,0,120,0.0,0.0,0.0,4.74,4.64,4.38,4.88,4.83,4.95,4.62,6.0,1.0,1.0,0.0,0.98
7513,12.209171524553312,100.0,776.0,83.0,19.34628,-99.2,4.0,1.0,2.0,1.0,365,1.0,1.0,365.0,365.0,1.0,365.0,,13,13,13,133,4.0,1.0,0.0,4.0,4.0,5.0,5.0,4.25,5.0,3.75,6.0,1.0,1.0,0.0,0.09
7521,12.209171524553312,100.0,823.0,83.0,19.34645,-99.2,5.0,1.0,3.0,1.0,365,1.0,1.0,365.0,365.0,1.0,365.0,,0,0,0,120,3.0,2.0,0.0,5.0,5.0,4.67,4.67,5.0,4.33,4.67,6.0,1.0,1.0,0.0,0.13
7529,12.209171524553312,100.0,2966.0,83.0,19.3474,-99.2,8.0,1.0,4.0,1.0,365,1.0,1.0,365.0,365.0,1.0,365.0,,0,0,0,120,2.0,0.0,0.0,5.0,5.0,5.0,5.0,5.0,5.0,5.0,6.0,1.0,1.0,0.0,0.05
7532,19.614331516737245,100.0,2657.0,100.0,19.34921,-99.16183,2.0,1.0,1.0,1.0,365,1.0,1.0,365.0,365.0,1.0,365.0,,9,25,55,290,21.0,11.0,1.0,5.0,5.0,5.0,5.0,5.0,5.0,5.0,7.0,0.0,5.0,0.0,0.49
9495,19.614331516737245,100.0,0.0,100.0,19.43142,-99.15688,0.0,1.0,1.0,1.0,365,1.0,1.0,365.0,365.0,1.0,365.0,,0,0,0,0,3.0,2.0,0.0,5.0,5.0,5.0,5.0,5.0,5.0,5.0,2.0,0.0,1.0,0.0,0.12
9537,19.614331516737245,100.0,0.0,100.0,19.42918,-99.19296,0.0,1.0,1.0,1.0,365,1.0,1.0,365.0,365.0,1.0,365.0,,0,0,0,0,0.0,0.0,0.0,5.0,5.0,5.0,5.0,5.0,5.0,5.0,1.0,0.0,0.0,0.0,0.12
9539,19.614331516737245,100.0,0.0,100.0,19.35086,-99.18667,0.0,1.0,1.0,1.0,365,1.0,1.0,365.0,365.0,1.0,365.0,,0,0,0,0,0.0,0.0,0.0,5.0,5.0,5.0,5.0,5.0,5.0,5.0,1.0,0.0,0.0,0.0,0.12
9544,19.614331516737245,100.0,0.0,100.0,19.43632,-99.1464,0.0,1.0,1.0,1.0,365,1.0,1.0,365.0,365.0,1.0,365.0,,0,0,0,0,0.0,0.0,0.0,5.0,5.0,5.0,5.0,5.0,5.0,5.0,1.0,0.0,0.0,0.0,0.12
11362,19.614331516737245,100.0,2409.0,100.0,19.4393,-99.14381,1.0,1.0,1.0,1.0,365,1.0,1.0,365.0,365.0,1.0,365.0,,30,60,90,93,0.0,0.0,0.0,5.0,5.0,5.0,5.0,5.0,5.0,5.0,21.0,4.0,2.0,0.1,0.12
